[
    {
        "actionName": "Action",
        "steps": [
            {
                "stepId": "STEP1",
                "stepName": "Url: Yandex Market",
                "infFile": "t1.inf",
                "time": 1688682055203
            },
            {
                "stepId": "STEP2",
                "stepName": "Custom Request: Click Catalog Button",
                "infFile": "t2.inf",
                "time": 1688682055374
            },
            {
                "stepId": "STEP3",
                "stepName": "Custom Request: Go to Electronics",
                "infFile": "t3.inf",
                "time": 1688682055579
            },
            {
                "stepId": "STEP4",
                "stepName": "Custom Request: Enter Search Text",
                "infFile": "t4.inf",
                "time": 1688682055746
            },
            {
                "stepId": "STEP5",
                "stepName": "Custom Request: Click Search Button",
                "infFile": "t5.inf",
                "time": 1688682055969
            },
            {
                "stepId": "STEP6",
                "stepName": "Custom Request: Click 5 Days Button",
                "infFile": "t6.inf",
                "time": 1688682056141
            },
            {
                "stepId": "STEP7",
                "stepName": "Custom Request: Sort by Price",
                "infFile": "t7.inf",
                "time": 1688682056348
            },
            {
                "stepId": "STEP8",
                "stepName": "Custom Request: Add to Cart",
                "infFile": "t8.inf",
                "time": 1688682056530
            }
        ],
        "transactions": []
    }
]